,출발_클러스터,도착_클러스터,출발지,도착지,경로,경로_길이,총_물동량
0,2,4,강남구,강동구,강남구 -> 강동구,327.82820048842206,0.003050378211850378
1,2,4,강남구,관악구,강남구 -> 관악구,266.7323500948307,0.003749076554248004
2,2,4,강남구,광진구,강남구 -> 광진구,349.40830377666765,0.0028619812099233135
3,2,4,강남구,구로구,강남구 -> 구로구,366.391658281212,0.0027293197795253367
4,2,4,강남구,노원구,강남구 -> 노원구,324.10575713369417,0.003085412640749539
5,2,4,강남구,동대문구,강남구 -> 동대문구,379.16599555389564,0.002637367305417707
6,2,4,강남구,동작구,강남구 -> 동작구,347.0720254310016,0.0028812463313866287
7,2,4,강남구,양천구,강남구 -> 양천구,349.5595812901384,0.0028607426416671117
8,2,4,강남구,영등포구,강남구 -> 영등포구,286.7550733365762,0.003487296626924048
9,2,4,강남구,은평구,강남구 -> 은평구,356.6653958223795,0.0028037483078341674
10,2,0,강남구,강북구,강남구 -> 강북구,574.597079542876,0.0017403499523449644
11,2,0,강남구,도봉구,강남구 -> 도봉구,569.2054090850456,0.0017568350265810436
12,2,0,강남구,서대문구,강남구 -> 서대문구,419.14485120822195,0.002385810053773563
13,2,0,강남구,종로구,강남구 -> 종로구,569.2584831384611,0.001756671230416727
14,2,0,강남구,중랑구,강남구 -> 중랑구,432.0557563372253,0.002314516090417475
15,2,1,강남구,강서구,강남구 -> 강서구,228.80729450637685,0.004370490032485088
16,2,1,강남구,마포구,강남구 -> 마포구,263.25199192185534,0.0037986417223268096
17,2,1,강남구,서초구,강남구 -> 서초구,184.829815073092,0.005410382516503327
18,2,1,강남구,송파구,강남구 -> 송파구,162.29234668424291,0.006161720009789535
19,2,3,강남구,금천구,강남구 -> 금천구,486.1317677087196,0.002057055445508716
20,2,3,강남구,성동구,강남구 -> 성동구,265.8545338495219,0.0037614555054608046
21,2,3,강남구,성북구,강남구 -> 성북구,308.3046009532572,0.0032435454965902776
22,2,3,강남구,용산구,강남구 -> 용산구,387.0306723426132,0.0025837745467231724
23,2,3,강남구,중구,강남구 -> 중구,425.4300894721117,0.0023505624654824825
24,4,2,강동구,강남구,강동구 -> 강남구,458.36668027682447,0.002181659450892162
25,4,2,관악구,강남구,관악구 -> 강남구,719.2520181138019,0.0013903332556819846
26,4,2,광진구,강남구,광진구 -> 강남구,448.96907012939914,0.00222732492399039
27,4,2,구로구,강남구,구로구 -> 강남구,368.9977752957648,0.0027100434391466575
28,4,2,노원구,강남구,노원구 -> 강남구,734.8784952725811,0.0013607691699143818
29,4,2,동대문구,강남구,동대문구 -> 강남구,347.9695203741441,0.002873814921849417
30,4,2,동작구,강남구,동작구 -> 강남구,638.2097112793239,0.0015668830829845084
31,4,2,양천구,강남구,양천구 -> 강남구,617.2565319579462,0.001620071960725934
32,4,2,영등포구,강남구,영등포구 -> 강남구,329.47036602242616,0.0030351743377488847
33,4,2,은평구,강남구,은평구 -> 강남구,698.2527570490996,0.0014321461532441641
34,4,0,강동구,강북구,강동구 -> 강남구 -> 강북구,1032.9637598197005,0.003922009403237127
35,4,0,강동구,도봉구,강동구 -> 강남구 -> 도봉구,1027.57208936187,0.003938494477473206
36,4,0,강동구,서대문구,강동구 -> 강남구 -> 서대문구,877.5115314850464,0.004567469504665725
37,4,0,강동구,종로구,강동구 -> 강남구 -> 종로구,1027.6251634152854,0.003938330681308889
38,4,0,강동구,중랑구,강동구 -> 강남구 -> 중랑구,890.4224366140497,0.0044961755413096376
39,4,0,관악구,강북구,관악구 -> 강남구 -> 강북구,1293.849097656678,0.003130683208026949
40,4,0,관악구,도봉구,관악구 -> 강남구 -> 도봉구,1288.4574271988477,0.003147168282263028
41,4,0,관악구,서대문구,관악구 -> 강남구 -> 서대문구,1138.3968693220238,0.003776143309455547
42,4,0,관악구,종로구,관악구 -> 강남구 -> 종로구,1288.510501252263,0.0031470044860987118
43,4,0,관악구,중랑구,관악구 -> 강남구 -> 중랑구,1151.3077744510272,0.0037048493460994595
44,4,0,광진구,강북구,광진구 -> 강남구 -> 강북구,1023.5661496722752,0.003967674876335354
45,4,0,광진구,도봉구,광진구 -> 강남구 -> 도봉구,1018.1744792144448,0.003984159950571433
46,4,0,광진구,서대문구,광진구 -> 강남구 -> 서대문구,868.1139213376212,0.004613134977763953
47,4,0,광진구,종로구,광진구 -> 강남구 -> 종로구,1018.2275532678602,0.003983996154407117
48,4,0,광진구,중랑구,광진구 -> 강남구 -> 중랑구,881.0248264666245,0.004541841014407865
49,4,0,구로구,강북구,구로구 -> 강남구 -> 강북구,943.5948548386409,0.004450393391491622
50,4,0,구로구,도봉구,구로구 -> 강남구 -> 도봉구,938.2031843808104,0.004466878465727701
51,4,0,구로구,서대문구,구로구 -> 강남구 -> 서대문구,788.1426265039868,0.00509585349292022
52,4,0,구로구,종로구,구로구 -> 강남구 -> 종로구,938.2562584342259,0.004466714669563384
53,4,0,구로구,중랑구,구로구 -> 강남구 -> 중랑구,801.0535316329901,0.005024559529564133
54,4,0,노원구,강북구,노원구 -> 강남구 -> 강북구,1309.475574815457,0.003101119122259346
55,4,0,노원구,도봉구,노원구 -> 강남구 -> 도봉구,1304.0839043576266,0.0031176041964954253
56,4,0,노원구,서대문구,노원구 -> 강남구 -> 서대문구,1154.023346480803,0.003746579223687945
57,4,0,노원구,종로구,노원구 -> 강남구 -> 종로구,1304.136978411042,0.0031174404003311085
58,4,0,노원구,중랑구,노원구 -> 강남구 -> 중랑구,1166.9342516098063,0.003675285260331857
59,4,0,동대문구,강북구,동대문구 -> 강북구,920.108845868783,0.0010868279383356894
60,4,0,동대문구,도봉구,동대문구 -> 도봉구,898.663288515361,0.0011127638268745267
61,4,0,동대문구,서대문구,동대문구 -> 강남구 -> 서대문구,767.1143715823661,0.005259624975622979
62,4,0,동대문구,종로구,동대문구 -> 강남구 -> 종로구,917.2280035126053,0.004630486152266144
63,4,0,동대문구,중랑구,동대문구 -> 중랑구,691.3712478243199,0.0014464009071058505
64,4,0,동작구,강북구,동작구 -> 강남구 -> 강북구,1212.8067908222,0.0033072330353294726
65,4,0,동작구,도봉구,동작구 -> 강남구 -> 도봉구,1207.4151203643696,0.0033237181095655518
66,4,0,동작구,서대문구,동작구 -> 강남구 -> 서대문구,1057.3545624875458,0.003952693136758071
67,4,0,동작구,종로구,동작구 -> 강남구 -> 종로구,1207.468194417785,0.0033235543134012354
68,4,0,동작구,중랑구,동작구 -> 강남구 -> 중랑구,1070.2654676165491,0.0038813991734019835
69,4,0,양천구,강북구,양천구 -> 강남구 -> 강북구,1191.8536115008224,0.003360421913070898
70,4,0,양천구,도봉구,양천구 -> 강남구 -> 도봉구,1186.4619410429918,0.0033769069873069773
71,4,0,양천구,서대문구,양천구 -> 강남구 -> 서대문구,1036.4013831661682,0.004005882014499497
72,4,0,양천구,종로구,양천구 -> 강남구 -> 종로구,1186.5150150964073,0.003376743191142661
73,4,0,양천구,중랑구,양천구 -> 강남구 -> 중랑구,1049.3122882951716,0.003934588051143409
74,4,0,영등포구,강북구,영등포구 -> 강남구 -> 강북구,904.0674455653023,0.004775524290093849
75,4,0,영등포구,도봉구,영등포구 -> 강남구 -> 도봉구,898.6757751074717,0.004792009364329928
76,4,0,영등포구,서대문구,영등포구 -> 강남구 -> 서대문구,748.6152172306481,0.0054209843915224475
77,4,0,영등포구,종로구,영등포구 -> 강남구 -> 종로구,898.7288491608872,0.004791845568165611
78,4,0,영등포구,중랑구,영등포구 -> 강남구 -> 중랑구,761.5261223596515,0.00534969042816636
79,4,0,은평구,강북구,은평구 -> 강남구 -> 강북구,1272.8498365919756,0.0031724961055891285
80,4,0,은평구,도봉구,은평구 -> 강남구 -> 도봉구,1267.4581661341454,0.0031889811798252077
81,4,0,은평구,서대문구,은평구 -> 강남구 -> 서대문구,1117.3976082573215,0.0038179562070177267
82,4,0,은평구,종로구,은평구 -> 강남구 -> 종로구,1267.5112401875608,0.0031888173836608913
83,4,0,은평구,중랑구,은평구 -> 강남구 -> 중랑구,1130.3085133863249,0.003746662243661639
84,4,1,강동구,강서구,강동구 -> 강남구 -> 강서구,687.1739747832013,0.00655214948337725
85,4,1,강동구,마포구,강동구 -> 강남구 -> 마포구,721.6186721986799,0.005980301173218972
86,4,1,강동구,서초구,강동구 -> 강남구 -> 서초구,643.1964953499164,0.007592041967395489
87,4,1,강동구,송파구,강동구 -> 송파구,548.7321741657145,0.0018223826614876145
88,4,1,관악구,강서구,관악구 -> 강남구 -> 강서구,948.0593126201787,0.005760823288167073
89,4,1,관악구,마포구,관악구 -> 강남구 -> 마포구,982.5040100356573,0.0051889749780087945
90,4,1,관악구,서초구,관악구 -> 강남구 -> 서초구,904.0818331868938,0.006800715772185312
91,4,1,관악구,송파구,관악구 -> 송파구,848.5702464547379,0.001178452820114686
92,4,1,광진구,강서구,광진구 -> 강서구,618.1623370769063,0.0016176980382348802
93,4,1,광진구,마포구,광진구 -> 강남구 -> 마포구,712.2210620512544,0.0060259666463172
94,4,1,광진구,서초구,광진구 -> 강남구 -> 서초구,633.7988852024912,0.007637707440493717
95,4,1,광진구,송파구,광진구 -> 송파구,525.8482898091765,0.0019016891741967764
96,4,1,구로구,강서구,구로구 -> 강서구,483.2956124750586,0.002069126998440539
97,4,1,구로구,마포구,구로구 -> 강남구 -> 마포구,632.2497672176202,0.006508685161473467
98,4,1,구로구,서초구,구로구 -> 강남구 -> 서초구,553.8275903688568,0.008120425955649985
99,4,1,구로구,송파구,구로구 -> 송파구,444.4828899234455,0.0022498053865970696
100,4,1,노원구,강서구,노원구 -> 강서구,857.7634623416266,0.0011658225651977282
101,4,1,노원구,마포구,노원구 -> 강남구 -> 마포구,998.1304871944365,0.005159410892241191
102,4,1,노원구,서초구,노원구 -> 강남구 -> 서초구,919.708310345673,0.006771151686417709
103,4,1,노원구,송파구,노원구 -> 송파구,796.9427393282216,0.00125479529538464
104,4,1,동대문구,강서구,동대문구 -> 강서구,406.2093900787307,0.002461784548619573
105,4,1,동대문구,마포구,동대문구 -> 마포구,557.0064277295979,0.0017953114187139255
106,4,1,동대문구,서초구,동대문구 -> 서초구,529.8543766770614,0.0018873110122660844
107,4,1,동대문구,송파구,동대문구 -> 송파구,366.25586209560316,0.002730331725691183
108,4,1,동작구,강서구,동작구 -> 강서구,829.2955760445839,0.0012058426800847168
109,4,1,동작구,마포구,동작구 -> 강남구 -> 마포구,901.4617032011793,0.005365524805311318
110,4,1,동작구,서초구,동작구 -> 강남구 -> 서초구,823.0395263524158,0.006977265599487836
111,4,1,동작구,송파구,동작구 -> 송파구,733.4936595529676,0.0013633383015327718
112,4,1,양천구,강서구,양천구 -> 강서구,701.7909976301265,0.0014249256593157984
113,4,1,양천구,마포구,양천구 -> 강남구 -> 마포구,880.5085238798015,0.005418713683052743
114,4,1,양천구,서초구,양천구 -> 강남구 -> 서초구,802.0863470310383,0.0070304544772292615
115,4,1,양천구,송파구,양천구 -> 송파구,709.0584969119205,0.0014103208752947506
116,4,1,영등포구,강서구,영등포구 -> 강서구,447.5362903590224,0.0022344556665958425
117,4,1,영등포구,마포구,영등포구 -> 마포구,528.4752740346534,0.0018922361161109453
118,4,1,영등포구,서초구,영등포구 -> 서초구,495.5301826122536,0.002018040545438355
119,4,1,영등포구,송파구,영등포구 -> 송파구,394.92662580427344,0.0025321159290374166
120,4,1,은평구,강서구,은평구 -> 강서구,806.848868322815,0.001239389480806592
121,4,1,은평구,마포구,은평구 -> 강남구 -> 마포구,961.504748970955,0.005230787875570974
122,4,1,은평구,서초구,은평구 -> 강남구 -> 서초구,883.0825721221916,0.0068425286697474915
123,4,1,은평구,송파구,은평구 -> 송파구,737.9485047330938,0.0013551081052216329
124,4,3,강동구,금천구,강동구 -> 강남구 -> 금천구,944.4984479855441,0.004238714896400878
125,4,3,강동구,성동구,강동구 -> 강남구 -> 성동구,724.2212141263464,0.005943114956352967
126,4,3,강동구,성북구,강동구 -> 강남구 -> 성북구,766.6712812300816,0.005425204947482439
127,4,3,강동구,용산구,강동구 -> 강남구 -> 용산구,845.3973526194377,0.0047654339976153344
128,4,3,강동구,중구,강동구 -> 강남구 -> 중구,883.7967697489362,0.004532221916374644
129,4,3,관악구,금천구,관악구 -> 강남구 -> 금천구,1205.3837858225215,0.003447388701190701
130,4,3,관악구,성동구,관악구 -> 강남구 -> 성동구,985.1065519633238,0.0051517887611427894
131,4,3,관악구,성북구,관악구 -> 강남구 -> 성북구,1027.556619067059,0.004633878752272262
132,4,3,관악구,용산구,관악구 -> 강남구 -> 용산구,1106.2826904564151,0.003974107802405157
133,4,3,관악구,중구,관악구 -> 강남구 -> 중구,1144.6821075859136,0.003740895721164467
134,4,3,광진구,금천구,광진구 -> 강남구 -> 금천구,935.1008378381188,0.004284380369499106
135,4,3,광진구,성동구,광진구 -> 강남구 -> 성동구,714.823603978921,0.005988780429451194
136,4,3,광진구,성북구,광진구 -> 강남구 -> 성북구,757.2736710826564,0.005470870420580668
137,4,3,광진구,용산구,광진구 -> 강남구 -> 용산구,835.9997424720123,0.004811099470713563
138,4,3,광진구,중구,광진구 -> 강남구 -> 중구,874.3991596015109,0.0045778873894728725
139,4,3,구로구,금천구,구로구 -> 강남구 -> 금천구,855.1295430044845,0.004767098884655374
140,4,3,구로구,성동구,구로구 -> 강남구 -> 성동구,634.8523091452867,0.006471498944607463
141,4,3,구로구,성북구,구로구 -> 강남구 -> 성북구,677.302376249022,0.005953588935736935
142,4,3,구로구,용산구,구로구 -> 강남구 -> 용산구,756.028447638378,0.0052938179858698295
143,4,3,구로구,중구,구로구 -> 강남구 -> 중구,794.4278647678766,0.00506060590462914
144,4,3,노원구,금천구,노원구 -> 강남구 -> 금천구,1221.0102629813007,0.0034178246154230978
145,4,3,노원구,성동구,노원구 -> 강남구 -> 성동구,1000.733029122103,0.005122224675375186
146,4,3,노원구,성북구,노원구 -> 강남구 -> 성북구,1043.1830962258382,0.00460431466650466
147,4,3,노원구,용산구,노원구 -> 강남구 -> 용산구,1121.9091676151943,0.003944543716637554
148,4,3,노원구,중구,노원구 -> 강남구 -> 중구,1160.3085847446928,0.0037113316353968645
149,4,3,동대문구,금천구,동대문구 -> 강남구 -> 금천구,834.1012880828637,0.004930870367358133
150,4,3,동대문구,성동구,동대문구 -> 강남구 -> 성동구,613.824054223666,0.0066352704273102215
151,4,3,동대문구,성북구,동대문구 -> 성북구,557.5827373952209,0.0017934558101126952
152,4,3,동대문구,용산구,동대문구 -> 강남구 -> 용산구,735.0001927167573,0.005457589468572589
153,4,3,동대문구,중구,동대문구 -> 강남구 -> 중구,773.3996098462558,0.0052243773873319
154,4,3,동작구,금천구,동작구 -> 강남구 -> 금천구,1124.3414789880435,0.0036239385284932246
155,4,3,동작구,성동구,동작구 -> 강남구 -> 성동구,904.0642451288458,0.0053283385884453135
156,4,3,동작구,성북구,동작구 -> 강남구 -> 성북구,946.514312232581,0.004810428579574786
157,4,3,동작구,용산구,동작구 -> 강남구 -> 용산구,1025.240383621937,0.00415065762970768
158,4,3,동작구,중구,동작구 -> 강남구 -> 중구,1063.6398007514356,0.003917445548466991
159,4,3,양천구,금천구,양천구 -> 강남구 -> 금천구,1103.3882996666657,0.00367712740623465
160,4,3,양천구,성동구,양천구 -> 강남구 -> 성동구,883.1110658074681,0.005381527466186739
161,4,3,양천구,성북구,양천구 -> 강남구 -> 성북구,925.5611329112035,0.004863617457316212
162,4,3,양천구,용산구,양천구 -> 강남구 -> 용산구,1004.2872043005593,0.004203846507449106
163,4,3,양천구,중구,양천구 -> 강남구 -> 중구,1042.686621430058,0.0039706344262084164
164,4,3,영등포구,금천구,영등포구 -> 강남구 -> 금천구,815.6021337311458,0.005092229783257601
165,4,3,영등포구,성동구,영등포구 -> 강남구 -> 성동구,595.324899871948,0.00679662984320969
166,4,3,영등포구,성북구,영등포구 -> 성북구,622.3906316552409,0.001606707988744161
167,4,3,영등포구,용산구,영등포구 -> 강남구 -> 용산구,716.5010383650393,0.005618948884472057
168,4,3,영등포구,중구,영등포구 -> 강남구 -> 중구,754.9004554945379,0.005385736803231367
169,4,3,은평구,금천구,은평구 -> 강남구 -> 금천구,1184.3845247578192,0.0034892015987528805
170,4,3,은평구,성동구,은평구 -> 강남구 -> 성동구,964.1072908986215,0.005193601658704969
171,4,3,은평구,성북구,은평구 -> 강남구 -> 성북구,1006.5573580023568,0.0046756916498344415
172,4,3,은평구,용산구,은평구 -> 강남구 -> 용산구,1085.2834293917128,0.004015920699967337
173,4,3,은평구,중구,은평구 -> 강남구 -> 중구,1123.6828465212113,0.0037827086187266464
174,0,2,강북구,강남구,강북구 -> 강남구,1019.7786020245657,0.0009806050038848636
175,0,2,도봉구,강남구,도봉구 -> 강남구,543.9124542799574,0.001838531168262769
176,0,2,서대문구,강남구,서대문구 -> 강남구,712.1937329312746,0.001404112327532231
177,0,2,종로구,강남구,종로구 -> 강남구,439.6630501264704,0.0022744690501336124
178,0,2,중랑구,강남구,중랑구 -> 강남구,358.20766077016003,0.002791676754902344
179,0,4,강북구,강동구,강북구 -> 강남구 -> 강동구,1347.6068025129878,0.0040309832157352414
180,0,4,강북구,관악구,강북구 -> 관악구,1258.605213737246,0.0007945303174381781
181,0,4,강북구,광진구,강북구 -> 강남구 -> 광진구,1369.1869058012333,0.003842586213808177
182,0,4,강북구,구로구,강북구 -> 강남구 -> 구로구,1386.1702603057777,0.0037099247834102003
183,0,4,강북구,노원구,강북구 -> 노원구,1336.7562844742517,0.0007480795202644598
184,0,4,강북구,동대문구,강북구 -> 강남구 -> 동대문구,1398.9445975784613,0.0036179723093025706
185,0,4,강북구,동작구,강북구 -> 강남구 -> 동작구,1366.8506274555673,0.0038618513352714923
186,0,4,강북구,양천구,강북구 -> 강남구 -> 양천구,1369.338183314704,0.0038413476455519753
187,0,4,강북구,영등포구,강북구 -> 강남구 -> 영등포구,1306.5336753611418,0.004467901630808912
188,0,4,강북구,은평구,강북구 -> 강남구 -> 은평구,1376.4439978469452,0.003784353311719031
189,0,4,도봉구,강동구,도봉구 -> 강남구 -> 강동구,871.7406547683795,0.004888909380113147
190,0,4,도봉구,관악구,도봉구 -> 관악구,791.7932627307598,0.0012629559344205213
191,0,4,도봉구,광진구,도봉구 -> 강남구 -> 광진구,893.320758056625,0.004700512378186083
192,0,4,도봉구,구로구,도봉구 -> 강남구 -> 구로구,910.3041125611694,0.004567850947788106
193,0,4,도봉구,노원구,도봉구 -> 노원구,830.991840661697,0.0012033812500538228
194,0,4,도봉구,동대문구,도봉구 -> 강남구 -> 동대문구,923.078449833853,0.004475898473680476
195,0,4,도봉구,동작구,도봉구 -> 강남구 -> 동작구,890.984479710959,0.004719777499649398
196,0,4,도봉구,양천구,도봉구 -> 강남구 -> 양천구,893.4720355700958,0.0046992738099298804
197,0,4,도봉구,영등포구,도봉구 -> 강남구 -> 영등포구,830.6675276165336,0.0053258277951868166
198,0,4,도봉구,은평구,도봉구 -> 강남구 -> 은평구,900.5778501023369,0.004642279476096936
199,0,4,서대문구,강동구,서대문구 -> 강남구 -> 강동구,1040.0219334196966,0.004454490539382609
200,0,4,서대문구,관악구,서대문구 -> 강남구 -> 관악구,978.9260830261053,0.005153188881780235
201,0,4,서대문구,광진구,서대문구 -> 강남구 -> 광진구,1061.6020367079423,0.004266093537455545
202,0,4,서대문구,구로구,서대문구 -> 강남구 -> 구로구,1078.5853912124867,0.004133432107057568
203,0,4,서대문구,노원구,서대문구 -> 강남구 -> 노원구,1036.2994900649687,0.00448952496828177
204,0,4,서대문구,동대문구,서대문구 -> 강남구 -> 동대문구,1091.3597284851703,0.004041479632949938
205,0,4,서대문구,동작구,서대문구 -> 강남구 -> 동작구,1059.265758362276,0.00428535865891886
206,0,4,서대문구,양천구,서대문구 -> 강남구 -> 양천구,1061.753314221413,0.0042648549691993425
207,0,4,서대문구,영등포구,서대문구 -> 강남구 -> 영등포구,998.9488062678507,0.004891408954456279
208,0,4,서대문구,은평구,서대문구 -> 강남구 -> 은평구,1068.859128753654,0.004207860635366398
209,0,4,종로구,강동구,종로구 -> 강남구 -> 강동구,767.4912506148925,0.005324847261983991
210,0,4,종로구,관악구,종로구 -> 강남구 -> 관악구,706.3954002213011,0.006023545604381616
211,0,4,종로구,광진구,종로구 -> 강남구 -> 광진구,789.0713539031381,0.005136450260056926
212,0,4,종로구,구로구,종로구 -> 강남구 -> 구로구,806.0547084076825,0.0050037888296589495
213,0,4,종로구,노원구,종로구 -> 강남구 -> 노원구,763.7688072601645,0.005359881690883151
214,0,4,종로구,동대문구,종로구 -> 강남구 -> 동대문구,818.8290456803661,0.0049118363555513194
215,0,4,종로구,동작구,종로구 -> 강남구 -> 동작구,786.735075557472,0.005155715381520241
216,0,4,종로구,양천구,종로구 -> 강남구 -> 양천구,789.2226314166088,0.005135211691800724
217,0,4,종로구,영등포구,종로구 -> 강남구 -> 영등포구,726.4181234630466,0.00576176567705766
218,0,4,종로구,은평구,종로구 -> 강남구 -> 은평구,796.3284459488499,0.00507821735796778
219,0,4,중랑구,강동구,중랑구 -> 강동구,645.3664640344755,0.001549507226868516
220,0,4,중랑구,관악구,중랑구 -> 관악구,497.15476661910884,0.002011446066987309
221,0,4,중랑구,광진구,중랑구 -> 광진구,696.3489808099147,0.0014360615547062518
222,0,4,중랑구,구로구,중랑구 -> 구로구,678.0495731723088,0.0014748184197232374
223,0,4,중랑구,노원구,중랑구 -> 노원구,568.9583451952525,0.0017575979128258055
224,0,4,중랑구,동대문구,중랑구 -> 동대문구,711.580829546652,0.0014053217266084862
225,0,4,중랑구,동작구,중랑구 -> 동작구,682.1500015305966,0.0014659532328024877
226,0,4,중랑구,양천구,중랑구 -> 양천구,691.3723203412836,0.0014463986633227778
227,0,4,중랑구,영등포구,중랑구 -> 영등포구,623.6875292128825,0.0016033669957487176
228,0,4,중랑구,은평구,중랑구 -> 은평구,646.0297273830249,0.0015479163846698798
229,0,1,강북구,강서구,강북구 -> 강서구,1112.448722748898,0.0008989178373354293
230,0,1,강북구,마포구,강북구 -> 강남구 -> 마포구,1283.030593946421,0.004779246726211673
231,0,1,강북구,서초구,강북구 -> 강남구 -> 서초구,1204.6084170976576,0.006390987520388191
232,0,1,강북구,송파구,강북구 -> 송파구,1038.4333929041593,0.0009629890629800784
233,0,1,도봉구,강서구,도봉구 -> 강서구,679.7144983612459,0.0014712059289759816
234,0,1,도봉구,마포구,도봉구 -> 강남구 -> 마포구,807.1644462018128,0.005637172890589579
235,0,1,도봉구,서초구,도봉구 -> 강남구 -> 서초구,728.7422693530493,0.007248913684766096
236,0,1,도봉구,송파구,도봉구 -> 송파구,608.9350124471576,0.0016422113683055436
237,0,1,서대문구,강서구,서대문구 -> 강서구,920.6030038441438,0.0010862445547367538
238,0,1,서대문구,마포구,서대문구 -> 강남구 -> 마포구,975.4457248531298,0.005202754049859041
239,0,1,서대문구,서초구,서대문구 -> 강남구 -> 서초구,897.0235480043666,0.006814494844035558
240,0,1,서대문구,송파구,서대문구 -> 송파구,821.608688839196,0.001217124421374904
241,0,1,종로구,강서구,종로구 -> 강남구 -> 강서구,668.4703446328473,0.006644959082618701
242,0,1,종로구,마포구,종로구 -> 강남구 -> 마포구,702.9150420483257,0.006073110772460422
243,0,1,종로구,서초구,종로구 -> 강남구 -> 서초구,624.4928651995624,0.00768485156663694
244,0,1,종로구,송파구,종로구 -> 송파구,556.4014372088784,0.001797263509987287
245,0,1,중랑구,강서구,중랑구 -> 강서구,434.31760791773536,0.0023024624877502346
246,0,1,중랑구,마포구,중랑구 -> 마포구,574.8757597490377,0.0017395062899095805
247,0,1,중랑구,서초구,중랑구 -> 강남구 -> 서초구,543.037475843252,0.008202059271405672
248,0,1,중랑구,송파구,중랑구 -> 송파구,386.0761486971715,0.0025901625971315183
249,0,3,강북구,금천구,강북구 -> 강남구 -> 금천구,1505.9103697332853,0.00303766044939358
250,0,3,강북구,성동구,강북구 -> 강남구 -> 성동구,1285.6331358740877,0.004742060509345668
251,0,3,강북구,성북구,강북구 -> 성북구,1295.4037332434223,0.0007719601035085852
252,0,3,강북구,용산구,강북구 -> 강남구 -> 용산구,1406.809274367179,0.003564379550608036
253,0,3,강북구,중구,강북구 -> 강남구 -> 중구,1445.2086914966774,0.003331167469367346
254,0,3,도봉구,금천구,도봉구 -> 강남구 -> 금천구,1030.044221988677,0.0038955866137714854
255,0,3,도봉구,성동구,도봉구 -> 강남구 -> 성동구,809.7669881294793,0.005599986673723574
256,0,3,도봉구,성북구,도봉구 -> 강남구 -> 성북구,852.2170552332145,0.005082076664853046
257,0,3,도봉구,용산구,도봉구 -> 강남구 -> 용산구,930.9431266225706,0.004422305714985942
258,0,3,도봉구,중구,도봉구 -> 강남구 -> 중구,969.3425437520691,0.004189093633745251
259,0,3,서대문구,금천구,서대문구 -> 강남구 -> 금천구,1198.325500639994,0.0034611677730409475
260,0,3,서대문구,성동구,서대문구 -> 강남구 -> 성동구,978.0482667807964,0.005165567832993036
261,0,3,서대문구,성북구,서대문구 -> 강남구 -> 성북구,1020.4983338845318,0.0046476578241225084
262,0,3,서대문구,용산구,서대문구 -> 강남구 -> 용산구,1099.2244052738877,0.003987886874255404
263,0,3,서대문구,중구,서대문구 -> 강남구 -> 중구,1137.6238224033864,0.0037546747930147133
264,0,3,종로구,금천구,종로구 -> 강남구 -> 금천구,925.7948178351901,0.004331524495642329
265,0,3,종로구,성동구,종로구 -> 강남구 -> 성동구,705.5175839759922,0.0060359245555944175
266,0,3,종로구,성북구,종로구 -> 강남구 -> 성북구,747.9676510797276,0.00551801454672389
267,0,3,종로구,용산구,종로구 -> 강남구 -> 용산구,826.6937224690836,0.004858243596856784
268,0,3,종로구,중구,종로구 -> 강남구 -> 중구,865.0931395985822,0.004625031515616095
269,0,3,중랑구,금천구,중랑구 -> 강남구 -> 금천구,844.3394284788797,0.004848732200411061
270,0,3,중랑구,성동구,중랑구 -> 강남구 -> 성동구,624.0621946196819,0.006553132260363149
271,0,3,중랑구,성북구,중랑구 -> 성북구,596.3128584158654,0.0016769720556698198
272,0,3,중랑구,용산구,중랑구 -> 강남구 -> 용산구,745.2383331127733,0.005375451301625516
273,0,3,중랑구,중구,중랑구 -> 강남구 -> 중구,783.6377502422717,0.0051422392203848265
274,1,2,강서구,강남구,강서구 -> 강남구,217.93047362957248,0.004588619403910216
275,1,2,마포구,강남구,마포구 -> 강남구,232.87849741609492,0.0042940847312890945
276,1,2,서초구,강남구,서초구 -> 강남구,222.73503741271531,0.004489639401218485
277,1,2,송파구,강남구,송파구 -> 강남구,282.80882497583906,0.0035359575504245034
278,1,4,강서구,강동구,강서구 -> 강동구,419.07430250019513,0.0023862116909435993
279,1,4,강서구,관악구,강서구 -> 관악구,343.33706091577426,0.0029125897371309853
280,1,4,강서구,광진구,강서구 -> 광진구,468.740245794309,0.002133377726731015
281,1,4,강서구,구로구,강서구 -> 구로구,421.58563560997476,0.002371997325177224
282,1,4,강서구,노원구,강서구 -> 노원구,383.96965467568873,0.002604372475331748
283,1,4,강서구,동대문구,강서구 -> 동대문구,475.60778216262247,0.0021025728289241373
284,1,4,강서구,동작구,강서구 -> 동작구,427.01613110305857,0.0023418319055461025
285,1,4,강서구,양천구,강서구 -> 양천구,405.21330720867746,0.0024678360315669944
286,1,4,강서구,영등포구,강서구 -> 영등포구,380.683988711259,0.0026268506941553547
287,1,4,강서구,은평구,강서구 -> 은평구,416.1119595013482,0.002403199372587992
288,1,4,마포구,강동구,마포구 -> 강동구,484.1645422892869,0.002065413537455006
289,1,4,마포구,관악구,마포구 -> 관악구,360.0586223639447,0.002777325518368526
290,1,4,마포구,광진구,마포구 -> 광진구,505.8101310501604,0.001977026434650103
291,1,4,마포구,구로구,마포구 -> 구로구,497.0688216031978,0.0020117938533635977
292,1,4,마포구,노원구,마포구 -> 노원구,441.10820652147015,0.0022670174465487455
293,1,4,마포구,동대문구,마포구 -> 동대문구,529.3452510754948,0.0018891262327720036
294,1,4,마포구,동작구,마포구 -> 동작구,485.2267112325665,0.0020608923145632547
295,1,4,마포구,양천구,마포구 -> 양천구,492.74919842382485,0.002029429988316038
296,1,4,마포구,영등포구,마포구 -> 영등포구,404.90149195695113,0.0024697365158296808
297,1,4,마포구,은평구,마포구 -> 은평구,450.40559111227,0.0022202211067818113
298,1,4,서초구,강동구,서초구 -> 강남구 -> 강동구,550.5632379011374,0.007540017613068863
299,1,4,서초구,관악구,서초구 -> 강남구 -> 관악구,489.467387507546,0.008238715955466488
300,1,4,서초구,광진구,서초구 -> 강남구 -> 광진구,572.1433411893829,0.007351620611141798
301,1,4,서초구,구로구,서초구 -> 강남구 -> 구로구,589.1266956939273,0.0072189591807438214
302,1,4,서초구,노원구,서초구 -> 강남구 -> 노원구,546.8407945464095,0.007575052041968023
303,1,4,서초구,동대문구,서초구 -> 강남구 -> 동대문구,601.901032966611,0.007127006706636192
304,1,4,서초구,동작구,서초구 -> 강남구 -> 동작구,569.807062843717,0.0073708857326051135
305,1,4,서초구,양천구,서초구 -> 강남구 -> 양천구,572.2946187028538,0.007350382042885597
306,1,4,서초구,영등포구,서초구 -> 강남구 -> 영등포구,509.4901107492915,0.007976936028142532
307,1,4,서초구,은평구,서초구 -> 강남구 -> 은평구,579.4004332350949,0.007293387709052652
308,1,4,송파구,강동구,송파구 -> 강동구,578.353688193783,0.001729045773224049
309,1,4,송파구,관악구,송파구 -> 관악구,530.6050582244662,0.0018846409104094173
310,1,4,송파구,광진구,송파구 -> 강남구 -> 광진구,632.2171287525067,0.0063979387603478165
311,1,4,송파구,구로구,송파구 -> 강남구 -> 구로구,649.200483257051,0.00626527732994984
312,1,4,송파구,노원구,송파구 -> 강남구 -> 노원구,606.9145821095333,0.006621370191174042
313,1,4,송파구,동대문구,송파구 -> 강남구 -> 동대문구,661.9748205297346,0.0061733248558422105
314,1,4,송파구,동작구,송파구 -> 강남구 -> 동작구,629.8808504068406,0.006417203881811133
315,1,4,송파구,양천구,송파구 -> 강남구 -> 양천구,632.3684062659775,0.006396700192091615
316,1,4,송파구,영등포구,송파구 -> 강남구 -> 영등포구,569.5638983124152,0.007023254177348551
317,1,4,송파구,은평구,송파구 -> 강남구 -> 은평구,639.4742207982185,0.006339705858258671
318,1,0,강서구,강북구,강서구 -> 강북구,671.3128619780174,0.0014896184128716213
319,1,0,강서구,도봉구,강서구 -> 도봉구,638.0626042437683,0.001567244332059234
320,1,0,강서구,서대문구,강서구 -> 서대문구,500.5108496679177,0.0019979586869365304
321,1,0,강서구,종로구,강서구 -> 종로구,665.4490971829241,0.0015027445438476744
322,1,0,강서구,중랑구,강서구 -> 중랑구,509.8443866607332,0.001961382779066335
323,1,0,마포구,강북구,마포구 -> 강북구,759.4387687463044,0.001316761852506975
324,1,0,마포구,도봉구,마포구 -> 도봉구,759.9321395199738,0.001315906971156227
325,1,0,마포구,서대문구,마포구 -> 서대문구,523.7238250242369,0.0019094033004011647
326,1,0,마포구,종로구,마포구 -> 종로구,794.3178904968988,0.0012589418065032292
327,1,0,마포구,중랑구,마포구 -> 중랑구,610.3501959060363,0.0016384036684309517
328,1,0,서초구,강북구,서초구 -> 강남구 -> 강북구,797.3321169555913,0.006229989353563449
329,1,0,서초구,도봉구,서초구 -> 강남구 -> 도봉구,791.940446497761,0.0062464744277995286
330,1,0,서초구,서대문구,서초구 -> 강남구 -> 서대문구,641.8798886209372,0.006875449454992048
331,1,0,서초구,종로구,서초구 -> 강남구 -> 종로구,791.9935205511764,0.006246310631635212
332,1,0,서초구,중랑구,서초구 -> 강남구 -> 중랑구,654.7907937499406,0.00680415549163596
333,1,0,송파구,강북구,송파구 -> 강남구 -> 강북구,857.405904518715,0.005276307502769468
334,1,0,송파구,도봉구,송파구 -> 강남구 -> 도봉구,852.0142340608847,0.005292792577005547
335,1,0,송파구,서대문구,송파구 -> 강남구 -> 서대문구,701.953676184061,0.005921767604198066
336,1,0,송파구,종로구,송파구 -> 강남구 -> 종로구,852.0673081143002,0.005292628780841231
337,1,0,송파구,중랑구,송파구 -> 강남구 -> 중랑구,714.8645813130644,0.005850473640841979
338,1,3,강서구,금천구,강서구 -> 금천구,588.8275026523114,0.0016982902386447737
339,1,3,강서구,성동구,강서구 -> 성동구,452.38704379469425,0.002210496550944168
340,1,3,강서구,성북구,강서구 -> 성북구,388.981786602662,0.0025708144556945084
341,1,3,강서구,용산구,강서구 -> 용산구,589.8889937460706,0.0016952342060995798
342,1,3,강서구,중구,강서구 -> 강남구 -> 중구,643.3605631016842,0.006939181869392699
343,1,3,마포구,금천구,마포구 -> 금천구,706.2438408306143,0.0014159415518921888
344,1,3,마포구,성동구,마포구 -> 성동구,477.1041646371425,0.002095978350473091
345,1,3,마포구,성북구,마포구 -> 성북구,427.8047657169405,0.0023375148669139787
346,1,3,마포구,용산구,마포구 -> 용산구,590.5009685428928,0.0016934773239535542
347,1,3,마포구,중구,마포구 -> 중구,620.1613898378198,0.0016124834863736244
348,1,3,서초구,금천구,서초구 -> 강남구 -> 금천구,708.8668051214349,0.006546694846727201
349,1,3,서초구,성동구,서초구 -> 강남구 -> 성동구,488.5895712622372,0.00825109490667929
350,1,3,서초구,성북구,서초구 -> 강남구 -> 성북구,531.0396383659725,0.007733184897808762
351,1,3,서초구,용산구,서초구 -> 강남구 -> 용산구,609.7657097553285,0.007073413947941657
352,1,3,서초구,중구,서초구 -> 강남구 -> 중구,648.165126884827,0.006840201866700967
353,1,3,송파구,금천구,송파구 -> 강남구 -> 금천구,768.9405926845586,0.005593012995933219
354,1,3,송파구,성동구,송파구 -> 성동구,541.474004317933,0.0018468107278015102
355,1,3,송파구,성북구,송파구 -> 성북구,575.1732672564544,0.001738606532897376
356,1,3,송파구,용산구,송파구 -> 강남구 -> 용산구,669.8394973184522,0.006119732097147676
357,1,3,송파구,중구,송파구 -> 강남구 -> 중구,708.2389144479507,0.005886520015906986
358,3,2,금천구,강남구,금천구 -> 강남구,190.60900756489698,0.005246341779831828
359,3,2,성동구,강남구,성동구 -> 강남구,218.51237919759402,0.0045763997612955866
360,3,2,성북구,강남구,성북구 -> 강남구,139.6928790702602,0.007158561027989395
361,3,2,용산구,강남구,용산구 -> 강남구,188.8551554696379,0.00529506328547525
362,3,2,중구,강남구,중구 -> 강남구,238.53918661068158,0.004192183323036538
363,3,4,금천구,강동구,금천구 -> 강동구,390.22526243346675,0.002562622403695608
364,3,4,금천구,관악구,금천구 -> 관악구,330.86603098148623,0.0030223713115353186
365,3,4,금천구,광진구,금천구 -> 광진구,443.3403649574044,0.002255603322057261
366,3,4,금천구,구로구,금천구 -> 구로구,395.97401551996506,0.00252541823656502
367,3,4,금천구,노원구,금천구 -> 노원구,367.64657328581796,0.0027200035922069483
368,3,4,금천구,동대문구,금천구 -> 동대문구,477.4604223134032,0.002094414433671329
369,3,4,금천구,동작구,금천구 -> 동작구,416.8342842071396,0.0023990349112048203
370,3,4,금천구,양천구,금천구 -> 양천구,396.7685975870321,0.002520360749518862
371,3,4,금천구,영등포구,금천구 -> 영등포구,341.3236769066758,0.0029297703841196414
372,3,4,금천구,은평구,금천구 -> 은평구,420.6576867388912,0.0023772298273030622
373,3,4,성동구,강동구,성동구 -> 강남구 -> 강동구,546.3405796860161,0.007626777973145964
374,3,4,성동구,관악구,성동구 -> 관악구,432.8030217248381,0.0023105199127647657
375,3,4,성동구,광진구,성동구 -> 광진구,541.9388549964553,0.0018452266169520927
376,3,4,성동구,구로구,성동구 -> 구로구,583.4324519627274,0.001713994476371508
377,3,4,성동구,노원구,성동구 -> 노원구,528.7379740302881,0.0018912959710034299
378,3,4,성동구,동대문구,성동구 -> 동대문구,512.8954462961236,0.0019497151070876212
379,3,4,성동구,동작구,성동구 -> 강남구 -> 동작구,565.5844046285956,0.007457646092682215
380,3,4,성동구,양천구,성동구 -> 강남구 -> 양천구,568.0719604877324,0.007437142402962699
381,3,4,성동구,영등포구,성동구 -> 영등포구,455.5378202710479,0.0021952074130859073
382,3,4,성동구,은평구,성동구 -> 은평구,567.668385770457,0.0017615918466954421
383,3,4,성북구,강동구,성북구 -> 강동구,269.5705581809747,0.0037096039224307855
384,3,4,성북구,관악구,성북구 -> 관악구,202.82804193675082,0.004930284739976125
385,3,4,성북구,광진구,성북구 -> 광진구,293.70982903673513,0.0034047209222777732
386,3,4,성북구,구로구,성북구 -> 구로구,282.58396152541457,0.003538771254397832
387,3,4,성북구,노원구,성북구 -> 노원구,240.49457144645592,0.004158098014377183
388,3,4,성북구,동대문구,성북구 -> 동대문구,297.6770860398122,0.00335934489719594
389,3,4,성북구,동작구,성북구 -> 동작구,278.4381392803325,0.003591462012297089
390,3,4,성북구,양천구,성북구 -> 양천구,282.3376325053642,0.003541858699906045
391,3,4,성북구,영등포구,성북구 -> 영등포구,258.3923392990388,0.003870083775365704
392,3,4,성북구,은평구,성북구 -> 은평구,268.15878723333844,0.0037291338102966947
393,3,4,용산구,강동구,용산구 -> 강동구,491.0060516988936,0.002036634775762894
394,3,4,용산구,관악구,용산구 -> 관악구,371.60931466597964,0.00269099820842448
395,3,4,용산구,광진구,용산구 -> 광진구,492.68383175545114,0.0020296992422847776
396,3,4,용산구,구로구,용산구 -> 구로구,434.17036726741355,0.002303243324259579
397,3,4,용산구,노원구,용산구 -> 노원구,451.5537572582304,0.002214575748570572
398,3,4,용산구,동대문구,용산구 -> 강남구 -> 동대문구,568.0211510235335,0.007932430590892957
399,3,4,용산구,동작구,용산구 -> 동작구,509.88755095433186,0.0019612167391189457
400,3,4,용산구,양천구,용산구 -> 양천구,509.3683148219686,0.0019632159498368367
401,3,4,용산구,영등포구,용산구 -> 영등포구,368.13702178626744,0.0027163798825443285
402,3,4,용산구,은평구,용산구 -> 은평구,514.0887574920063,0.0019451893966297238
403,3,4,중구,강동구,중구 -> 강남구 -> 강동구,566.3673870991037,0.007242561534886916
404,3,4,중구,관악구,중구 -> 관악구,459.217754358271,0.0021776161537949233
405,3,4,중구,광진구,중구 -> 강남구 -> 광진구,587.9474903873493,0.0070541645329598515
406,3,4,중구,구로구,중구 -> 강남구 -> 구로구,604.9308448918936,0.006921503102561875
407,3,4,중구,노원구,중구 -> 노원구,542.9787621314866,0.001841692658612386
408,3,4,중구,동대문구,중구 -> 강남구 -> 동대문구,617.7051821645772,0.0068295506284542454
409,3,4,중구,동작구,중구 -> 강남구 -> 동작구,585.6112120416832,0.007073429654423167
410,3,4,중구,양천구,중구 -> 강남구 -> 양천구,588.09876790082,0.00705292596470365
411,3,4,중구,영등포구,중구 -> 영등포구,464.793295017359,0.002151494031261041
412,3,4,중구,은평구,중구 -> 은평구,573.2976781280953,0.001744294522986999
413,3,0,금천구,강북구,금천구 -> 강북구,671.4099498185423,0.0014894030096966298
414,3,0,금천구,도봉구,금천구 -> 도봉구,654.0629560490523,0.0015289048106937946
415,3,0,금천구,서대문구,금천구 -> 서대문구,513.6751742118112,0.0019467555572145589
416,3,0,금천구,종로구,금천구 -> 강남구 -> 종로구,759.867490703358,0.007003013010248555
417,3,0,금천구,중랑구,금천구 -> 중랑구,537.0973745037877,0.0018618597808709783
418,3,0,성동구,강북구,성동구 -> 강남구 -> 강북구,793.10945874047,0.006316749713640551
419,3,0,성동구,도봉구,성동구 -> 강남구 -> 도봉구,787.7177882826396,0.00633323478787663
420,3,0,성동구,서대문구,성동구 -> 강남구 -> 서대문구,637.657230405816,0.00696220981506915
421,3,0,성동구,종로구,성동구 -> 강남구 -> 종로구,787.7708623360551,0.0063330709917123135
422,3,0,성동구,중랑구,성동구 -> 강남구 -> 중랑구,650.5681355348194,0.006890915851713062
423,3,0,성북구,강북구,성북구 -> 강북구,408.7427083581723,0.0024465268237243314
424,3,0,성북구,도봉구,성북구 -> 도봉구,398.44108930408953,0.0025097813123304705
425,3,0,성북구,서대문구,성북구 -> 서대문구,347.90976026728913,0.0028743085541254394
426,3,0,성북구,종로구,성북구 -> 종로구,560.3737393423268,0.0017845233096997607
427,3,0,성북구,중랑구,성북구 -> 중랑구,322.60638515800025,0.0030997526583679933
428,3,0,용산구,강북구,용산구 -> 강남구 -> 강북구,763.4522350125139,0.007035413237820215
429,3,0,용산구,도봉구,용산구 -> 강남구 -> 도봉구,758.0605645546835,0.007051898312056294
430,3,0,용산구,서대문구,용산구 -> 서대문구,603.2739664465687,0.0016576216704497374
431,3,0,용산구,종로구,용산구 -> 종로구,737.00153295354,0.0013568492808861486
432,3,0,용산구,중랑구,용산구 -> 강남구 -> 중랑구,620.9109118068632,0.007609579375892725
433,3,0,중구,강북구,중구 -> 강남구 -> 강북구,813.1362661535576,0.005932533275381503
434,3,0,중구,도봉구,중구 -> 강남구 -> 도봉구,807.7445956957272,0.005949018349617582
435,3,0,중구,서대문구,중구 -> 서대문구,654.2962917288773,0.0015283595714070972
436,3,0,중구,종로구,중구 -> 강남구 -> 종로구,807.7976697491426,0.005948854553453265
437,3,0,중구,중랑구,중구 -> 강남구 -> 중랑구,670.5949429479069,0.0065066994134540136
438,3,1,금천구,강서구,금천구 -> 강서구,271.30213321856496,0.003685927523446288
439,3,1,금천구,마포구,금천구 -> 마포구,328.8453502056778,0.0030409431040291294
440,3,1,금천구,서초구,금천구 -> 서초구,283.55753341858974,0.0035266211690584593
441,3,1,금천구,송파구,금천구 -> 송파구,221.38048259284997,0.0045171100373791375
442,3,1,성동구,강서구,성동구 -> 강서구,362.2556507461716,0.002760481438840794
443,3,1,성동구,마포구,성동구 -> 마포구,401.13685474405776,0.0024929147949720107
444,3,1,성동구,서초구,성동구 -> 서초구,358.82801892382804,0.0027868503775126878
445,3,1,성동구,송파구,성동구 -> 송파구,295.4755922759813,0.0033843742973733546
446,3,1,성북구,강서구,성북구 -> 강서구,180.2633443349674,0.005547439517940978
447,3,1,성북구,마포구,성북구 -> 마포구,242.9345829033916,0.0041163344800426065
448,3,1,성북구,서초구,성북구 -> 서초구,221.9849637766881,0.004504809618573885
449,3,1,성북구,송파구,성북구 -> 송파구,158.49319192761197,0.006309419274341616
450,3,1,용산구,강서구,용산구 -> 강서구,319.7160650055166,0.003127775265164562
451,3,1,용산구,마포구,용산구 -> 마포구,353.28679292246693,0.0028305615155544807
452,3,1,용산구,서초구,용산구 -> 서초구,281.21173165005195,0.003556039408926328
453,3,1,용산구,송파구,용산구 -> 송파구,249.75476084001042,0.004003927679443063
454,3,1,중구,강서구,중구 -> 강서구,378.2739031203132,0.002643587072095591
455,3,1,중구,마포구,중구 -> 마포구,401.597359063868,0.0024900562153372255
456,3,1,중구,서초구,중구 -> 서초구,380.51952391929854,0.0026279860483902065
457,3,1,중구,송파구,중구 -> 송파구,316.8417070708507,0.0031561501459035648
